sl_no,grade,class,name,username,role,contact
1,,,身体健康指数,Kuan-ting@gmail.com,staff,934567891
2,1,1,孫日新,Pai-han@yahoomail.com,teacher,934567892
3,,,中山樵,Shu-ling@aricent.com,staff,934567893
4,1,2, 綽號,Mei-ling@gmail.com,teacher,934567894
5,2,1,馬友友,Yu-hsuan@verizon.com,teacher,934567895
6,3,1,心理健康,Chia-ming@google.com,teacher,934567896
7,3,2,健康,Chia-yu@outlook.com,teacher,934567897
8,4,1,哈里阿肯,Ya-ting.Chen@outlook.com,teacher,934567898
9,4,2,普拉莫德,David.Chu@yahoo.com,teacher,934567899
10,4,3,苏瓦纳拉,William.Wang@gmail.com,teacher,934567900
11,,,Shu-ling,Shu-ling-1@aricent.com,staff,934567893
12,1,2,Mei-ling,Mei-ling-ting@gmail.com,teacher,934567894
13,2,1,Yu-hsuan,Yu-hsuan12@verizon.com,teacher,934567895
14,3,1,Chia-ming,Chia-ming11@google.com,teacher,934567896
